mean_accuracy,epoch,step,mean_iou,loss
0.2805891284596385,0,49,0.1340979307042471,1.7607436180114746
0.360541305035372,0,99,0.21233810269532485,1.593010425567627
